id,first_name,last_name,email,gender,ip_address
1,Mariette,Pinch,mpinch0@free.fr,Female,213.23.97.15
2,Bryna,Jaslem,bjaslem1@51.la,Bigender,245.62.12.110
3,Clarita,Baynom,cbaynom2@fastcompany.com,Polygender,248.162.163.13
4,Doug,Pinch,dpinch3@bbc.co.uk,Bigender,241.20.150.39
5,Hayes,Giraudeau,hgiraudeau4@tamu.edu,Agender,124.178.122.235
6,Blanche,Stephens,bstephens5@yelp.com,Non-binary,90.251.133.101
7,Kylie,Lapenna,klapenna6@zdnet.com,Non-binary,39.152.205.193
8,Desdemona,Hurn,dhurn7@ebay.com,Male,171.120.121.97
9,Isac,Mullenger,imullenger8@zimbio.com,Genderqueer,175.172.144.92
10,Martguerita,Markwell,mmarkwell9@sourceforge.net,Female,24.152.92.69
11,Konstantin,Scotchmor,kscotchmora@bloglovin.com,Bigender,230.55.1.45
12,Min,Sidry,msidryb@infoseek.co.jp,Genderqueer,29.99.92.151
13,Sofia,Ashbey,sashbeyc@desdev.cn,Male,244.41.126.61
14,Dame,Deverille,ddeverilled@dot.gov,Non-binary,45.64.131.108
15,Josefina,Honig,jhonige@feedburner.com,Female,94.25.49.225
16,Hillie,Withinshaw,hwithinshawf@wikia.com,Male,125.228.18.238
17,Sigfried,Marlin,smarling@geocities.jp,Male,206.207.243.237
18,Norean,Farran,nfarranh@qq.com,Non-binary,69.180.190.246
19,Ferrel,Buterton,fbutertoni@squidoo.com,Genderfluid,197.76.32.157
20,Corbin,Blucher,cblucherj@ebay.co.uk,Non-binary,63.197.94.221
21,Rici,Hackwell,rhackwellk@nyu.edu,Genderqueer,213.100.49.166
22,Berenice,Hosier,bhosierl@netvibes.com,Agender,53.47.237.119
23,Addi,Bows,abowsm@reference.com,Male,18.214.75.218
24,Lowe,Ruffler,lrufflern@t-online.de,Female,85.81.236.100
25,Bobby,Tutton,btuttono@ox.ac.uk,Male,22.68.137.36
26,Kris,Christmas,kchristmasp@about.me,Polygender,28.80.39.120
27,Del,Ghilks,dghilksq@surveymonkey.com,Genderfluid,158.54.43.181
28,Clayton,Donald,cdonaldr@fda.gov,Agender,163.242.77.252
29,Nina,Bosley,nbosleys@springer.com,Genderfluid,208.169.166.53
30,Cornall,Reuven,creuvent@google.ru,Polygender,161.96.84.94
31,Junette,Hatliff,jhatliffu@wikipedia.org,Female,41.13.248.19
32,Sheeree,Bellamy,sbellamyv@chron.com,Genderqueer,139.12.98.207
33,Lisha,Pashba,lpashbaw@123-reg.co.uk,Polygender,169.141.149.240
34,Angelo,Judd,ajuddx@linkedin.com,Agender,119.152.216.211
35,Mitzi,Philippet,mphilippety@newyorker.com,Male,89.190.244.38
36,Erinn,Garrett,egarrettz@miibeian.gov.cn,Female,57.69.84.207
37,Aili,Esposita,aesposita10@reuters.com,Agender,211.106.5.70
38,Tobie,Hugle,thugle11@npr.org,Agender,181.192.8.123
39,Kenyon,Schirach,kschirach12@theglobeandmail.com,Agender,56.80.182.18
40,Nike,Follan,nfollan13@hao123.com,Genderqueer,132.151.168.79
41,Clarke,Bricket,cbricket14@icq.com,Genderfluid,149.68.12.242
42,Winfield,Bennellick,wbennellick15@microsoft.com,Non-binary,79.118.85.103
43,Berrie,O'Cullinane,bocullinane16@businessweek.com,Agender,113.224.97.126
44,Brandy,Soanes,bsoanes17@mayoclinic.com,Non-binary,106.194.34.31
45,Pearline,Bollini,pbollini18@sina.com.cn,Female,107.115.212.68
46,Charita,Romagnosi,cromagnosi19@sciencedaily.com,Genderqueer,2.11.143.237
47,Hamlen,Kingett,hkingett1a@google.co.uk,Bigender,52.248.32.236
48,Aileen,Jobin,ajobin1b@goo.gl,Agender,12.90.253.72
49,Vassily,Jayes,vjayes1c@unc.edu,Female,236.127.168.177
50,Nichole,Minget,nminget1d@howstuffworks.com,Female,174.30.40.234
51,Hamel,Coddington,hcoddington1e@gnu.org,Bigender,141.194.233.83
52,Irene,Corzon,icorzon1f@mashable.com,Agender,0.200.49.26
53,Joby,Manclark,jmanclark1g@i2i.jp,Polygender,221.231.121.76
54,Amy,Fitter,afitter1h@scribd.com,Female,159.3.125.115
55,Alisander,Christoffersen,achristoffersen1i@wikispaces.com,Female,134.148.191.98
56,Colette,Dioniso,cdioniso1j@free.fr,Polygender,46.10.173.176
57,Dennison,Stolz,dstolz1k@flavors.me,Bigender,7.10.159.174
58,Enrique,Kelwick,ekelwick1l@purevolume.com,Male,32.105.107.116
59,Frans,Corbridge,fcorbridge1m@mysql.com,Non-binary,241.5.213.185
60,Owen,Aird,oaird1n@pen.io,Male,8.248.247.58
61,Aristotle,Krelle,akrelle1o@cpanel.net,Genderqueer,249.250.243.52
62,Edward,Summerly,esummerly1p@utexas.edu,Genderqueer,176.11.241.32
63,Stoddard,Kissock,skissock1q@webeden.co.uk,Female,205.137.188.150
64,Sonnnie,Cadwallader,scadwallader1r@liveinternet.ru,Polygender,253.196.231.117
65,Ninette,Blackborough,nblackborough1s@umich.edu,Genderqueer,25.239.181.179
66,Douglas,Kerrigan,dkerrigan1t@tiny.cc,Male,66.110.80.25
67,Dorthea,Clissold,dclissold1u@barnesandnoble.com,Agender,171.218.210.75
68,Aurlie,Hounsom,ahounsom1v@imdb.com,Bigender,167.175.245.64
69,Melina,Sprake,msprake1w@eventbrite.com,Non-binary,176.117.255.32
70,Fransisco,Aldrick,faldrick1x@csmonitor.com,Bigender,20.89.144.171
71,Etan,Flacknell,eflacknell1y@qq.com,Agender,7.92.148.188
72,Mitchael,Morey,mmorey1z@cocolog-nifty.com,Genderqueer,143.226.244.55
73,Alvera,Vannuccini,avannuccini20@earthlink.net,Male,214.154.223.58
74,Hamlen,Pordal,hpordal21@goodreads.com,Male,251.9.144.10
75,Becki,Lingley,blingley22@ucla.edu,Female,230.1.23.56
76,Chris,Matteini,cmatteini23@goo.ne.jp,Non-binary,125.89.11.176
77,Lira,Storer,lstorer24@1688.com,Genderfluid,89.34.16.222
78,Hayyim,Outright,houtright25@intel.com,Agender,194.25.178.248
79,Filmer,Corneille,fcorneille26@purevolume.com,Male,50.253.100.194
80,Errick,Groven,egroven27@opensource.org,Genderfluid,67.51.168.223
81,Pedro,FitzGilbert,pfitzgilbert28@prlog.org,Male,20.238.22.33
82,Abby,Morde,amorde29@bizjournals.com,Female,163.80.29.161
83,Anatol,Roffe,aroffe2a@feedburner.com,Bigender,181.49.93.248
84,Jeremy,Kettow,jkettow2b@nsw.gov.au,Agender,32.212.21.255
85,Sargent,Shimmin,sshimmin2c@pbs.org,Bigender,237.238.38.127
86,Paule,Matson,pmatson2d@mapquest.com,Agender,20.24.81.10
87,Andie,Corrie,acorrie2e@latimes.com,Non-binary,235.190.253.228
88,Maren,Richardin,mrichardin2f@netvibes.com,Polygender,37.195.229.217
89,Adamo,Archbutt,aarchbutt2g@jiathis.com,Male,83.181.59.107
90,Sybille,Klimsch,sklimsch2h@posterous.com,Non-binary,100.196.81.237
91,Randal,Poncet,rponcet2i@opensource.org,Polygender,79.163.187.201
92,Scarlett,Friedlos,sfriedlos2j@bloomberg.com,Bigender,63.236.152.79
93,Jelene,Tedorenko,jtedorenko2k@unicef.org,Female,236.182.237.205
94,Bethany,Blasik,bblasik2l@edublogs.org,Male,171.65.46.17
95,Gaye,Willmett,gwillmett2m@ifeng.com,Agender,156.88.244.13
96,Elie,Glasard,eglasard2n@icio.us,Genderqueer,92.202.21.145
97,Maurene,Togwell,mtogwell2o@bloglovin.com,Genderqueer,121.142.214.225
98,Marshal,Tobin,mtobin2p@whitehouse.gov,Bigender,63.252.19.150
99,Meade,Bartoszewicz,mbartoszewicz2q@toplist.cz,Genderfluid,45.139.22.175
100,Terrie,Balshen,tbalshen2r@icq.com,Male,235.227.156.223
101,Gabriel,Rowbottam,growbottam2s@craigslist.org,Bigender,217.239.215.80
102,Rab,Hein,rhein2t@tmall.com,Polygender,157.41.161.170
103,Lorene,Osband,losband2u@jigsy.com,Genderqueer,203.140.168.128
104,Lyndsay,Syddall,lsyddall2v@theguardian.com,Male,212.96.2.154
105,Junia,Jiruch,jjiruch2w@wikia.com,Agender,0.33.62.58
106,Giraud,Hallum,ghallum2x@is.gd,Non-binary,165.131.77.166
107,Rorie,Guerre,rguerre2y@nps.gov,Agender,109.32.74.232
108,Rawley,Moogan,rmoogan2z@squidoo.com,Male,220.233.100.124
109,Merridie,Boase,mboase30@liveinternet.ru,Genderfluid,29.18.211.156
110,Zandra,Everitt,zeveritt31@ibm.com,Agender,129.186.51.248
111,Merissa,Toplis,mtoplis32@cbc.ca,Non-binary,42.1.141.77
112,Lana,Penniall,lpenniall33@latimes.com,Bigender,14.153.115.82
113,Vito,Delyth,vdelyth34@google.cn,Bigender,70.193.182.10
114,Emmalee,Draysey,edraysey35@yahoo.com,Polygender,164.134.132.207
115,Kit,Enden,kenden36@elpais.com,Female,39.82.114.6
116,Gavin,Pillington,gpillington37@ca.gov,Agender,58.162.159.97
117,Findlay,Way,fway38@slate.com,Agender,20.178.94.81
118,Stearne,Stancliffe,sstancliffe39@printfriendly.com,Agender,164.216.71.217
119,Putnem,Chesser,pchesser3a@icio.us,Female,92.141.243.21
120,Araldo,Dennett,adennett3b@facebook.com,Genderfluid,210.50.130.124
121,Bentlee,Bolitho,bbolitho3c@harvard.edu,Male,148.132.10.80
122,Dwain,Ayris,dayris3d@twitter.com,Bigender,212.250.228.140
123,Clary,Crowley,ccrowley3e@who.int,Female,147.71.13.80
124,Edlin,Crisp,ecrisp3f@oakley.com,Non-binary,20.32.45.92
125,Karry,Dionsetto,kdionsetto3g@msu.edu,Female,251.150.211.0
126,Ardys,Billington,abillington3h@sourceforge.net,Bigender,34.197.44.4
127,Aggy,Gabbetis,agabbetis3i@loc.gov,Non-binary,255.213.41.47
128,Waverley,Clover,wclover3j@nationalgeographic.com,Genderqueer,147.104.73.112
129,Odessa,Mapes,omapes3k@gizmodo.com,Male,242.81.38.96
130,Vanna,Martschke,vmartschke3l@cam.ac.uk,Male,11.89.211.236
131,Cristi,Mac,cmac3m@gmpg.org,Polygender,53.148.4.105
132,Penny,Hazeley,phazeley3n@dyndns.org,Genderfluid,136.121.90.9
133,Lianna,Jellman,ljellman3o@cyberchimps.com,Genderqueer,205.42.129.166
134,Noelyn,Collisson,ncollisson3p@irs.gov,Bigender,65.26.19.238
135,Mona,Hoble,mhoble3q@nba.com,Male,231.180.150.1
136,Annamarie,Orcott,aorcott3r@sogou.com,Polygender,89.221.76.225
137,Ram,Billington,rbillington3s@cdbaby.com,Female,75.148.46.227
138,Darcie,Owbrick,dowbrick3t@woothemes.com,Non-binary,2.10.225.226
139,Lorant,Heather,lheather3u@time.com,Polygender,234.102.230.159
140,Juliet,Stubbings,jstubbings3v@xinhuanet.com,Female,252.34.248.137
141,Dorree,Menlove,dmenlove3w@ehow.com,Agender,174.69.221.181
142,Morse,Van der Beken,mvanderbeken3x@comsenz.com,Polygender,87.43.127.203
143,Lelia,Wye,lwye3y@cbslocal.com,Genderqueer,232.89.82.244
144,Franni,Letford,fletford3z@bandcamp.com,Male,69.24.81.224
145,Baily,Ibberson,bibberson40@themeforest.net,Polygender,252.187.204.239
146,Lyndsey,Gilcrist,lgilcrist41@seattletimes.com,Male,159.73.142.75
147,Cal,Robathon,crobathon42@cafepress.com,Agender,248.81.185.129
148,Dyann,Bischof,dbischof43@nymag.com,Agender,95.31.148.199
149,Michele,Bertome,mbertome44@weather.com,Polygender,178.187.88.43
150,Isac,Hedworth,ihedworth45@sun.com,Bigender,161.156.29.250
151,Hastie,Rimbault,hrimbault46@shinystat.com,Genderfluid,123.30.133.242
152,Tris,Loughton,tloughton47@wix.com,Male,233.199.160.53
153,Christal,Toller,ctoller48@domainmarket.com,Polygender,17.13.53.35
154,Lilah,Coper,lcoper49@samsung.com,Bigender,14.65.67.218
155,Elisa,MacAscaidh,emacascaidh4a@ed.gov,Bigender,164.237.211.201
156,Cammy,Clougher,cclougher4b@comcast.net,Genderqueer,31.189.170.229
157,Gates,Swalowe,gswalowe4c@unicef.org,Non-binary,116.60.2.197
158,Quintin,Durker,qdurker4d@bbb.org,Non-binary,177.45.9.201
159,Murvyn,Mathevon,mmathevon4e@marriott.com,Male,228.34.244.233
160,Arlin,Campkin,acampkin4f@squarespace.com,Bigender,33.142.151.47
161,Trudi,Laxton,tlaxton4g@wufoo.com,Bigender,86.223.233.91
162,Letizia,Celiz,lceliz4h@blogspot.com,Genderfluid,11.132.71.75
163,Ellissa,Janoschek,ejanoschek4i@angelfire.com,Non-binary,253.161.12.219
164,Abagail,Studde,astudde4j@salon.com,Agender,112.146.41.197
165,Marven,Bahia,mbahia4k@state.tx.us,Male,69.129.224.81
166,Kinny,Pinches,kpinches4l@census.gov,Genderfluid,207.185.106.17
167,Randie,Domelaw,rdomelaw4m@mozilla.com,Non-binary,189.51.147.137
168,Alicia,Stoad,astoad4n@stanford.edu,Bigender,61.134.222.154
169,Abbie,Bergstrand,abergstrand4o@domainmarket.com,Genderqueer,242.154.188.124
170,Maryellen,Lund,mlund4p@boston.com,Bigender,136.51.43.203
171,Lindon,Sandever,lsandever4q@gnu.org,Polygender,202.109.170.103
172,Dar,Eyton,deyton4r@whitehouse.gov,Polygender,209.49.186.183
173,Piotr,Ferran,pferran4s@1688.com,Polygender,108.121.11.126
174,Rodina,Ringham,rringham4t@alibaba.com,Genderqueer,213.98.112.116
175,Anna-diane,Brumham,abrumham4u@flickr.com,Male,245.238.115.225
176,Walsh,Burnham,wburnham4v@usgs.gov,Male,136.163.46.193
177,Marcelo,Toor,mtoor4w@spotify.com,Genderqueer,142.204.105.176
178,Jobie,Popping,jpopping4x@wix.com,Bigender,51.115.26.247
179,Pascale,Beedom,pbeedom4y@over-blog.com,Bigender,158.225.83.189
180,Elisa,Brager,ebrager4z@skype.com,Genderqueer,155.136.55.211
181,Megen,Coate,mcoate50@blinklist.com,Non-binary,214.213.161.135
182,Isaiah,Grouer,igrouer51@imgur.com,Genderfluid,38.15.230.250
183,Sander,Bennis,sbennis52@csmonitor.com,Polygender,189.166.249.152
184,Harrie,Goman,hgoman53@chicagotribune.com,Agender,181.52.4.31
185,Sephira,Floyed,sfloyed54@parallels.com,Genderfluid,218.181.192.157
186,Shannen,Pires,spires55@youtu.be,Polygender,170.144.207.147
187,Gayel,Morrow,gmorrow56@liveinternet.ru,Polygender,223.17.110.139
188,Whitman,Hucker,whucker57@earthlink.net,Genderfluid,235.124.103.127
189,Amelina,Turfs,aturfs58@msu.edu,Agender,145.18.192.124
190,Tammara,Bloggett,tbloggett59@purevolume.com,Agender,197.234.14.101
191,Sybila,Perse,sperse5a@indiatimes.com,Female,56.64.252.36
192,Elisabetta,Goodisson,egoodisson5b@soundcloud.com,Genderqueer,242.183.141.172
193,Devon,Tatton,dtatton5c@1688.com,Non-binary,49.139.96.197
194,Alon,Sendall,asendall5d@examiner.com,Polygender,29.108.157.59
195,Zaria,Janaway,zjanaway5e@fema.gov,Bigender,237.126.93.70
196,Caye,Sketcher,csketcher5f@gov.uk,Genderqueer,133.223.215.208
197,Clea,Wegner,cwegner5g@pen.io,Genderqueer,220.132.195.207
198,Roxana,Yackiminie,ryackiminie5h@ask.com,Polygender,42.199.93.206
199,Opaline,Borley,oborley5i@unblog.fr,Polygender,22.125.10.4
200,Grady,Cant,gcant5j@china.com.cn,Non-binary,87.5.84.184
201,Daloris,Milan,dmilan5k@dailymotion.com,Agender,167.210.236.7
202,Larissa,Purrier,lpurrier5l@weebly.com,Polygender,73.205.199.196
203,Ariel,Adlard,aadlard5m@nytimes.com,Polygender,223.214.134.63
204,Michel,Darbyshire,mdarbyshire5n@jigsy.com,Genderqueer,184.18.255.133
205,Alejoa,Urling,aurling5o@businessinsider.com,Bigender,79.202.234.184
206,Betti,Rozanski,brozanski5p@deliciousdays.com,Male,6.99.110.129
207,Orren,Manhare,omanhare5q@bravesites.com,Agender,17.106.48.100
208,Angel,Perott,aperott5r@networksolutions.com,Genderfluid,123.19.25.146
209,Davina,Murcutt,dmurcutt5s@themeforest.net,Agender,244.246.230.230
210,Ganny,Elcock,gelcock5t@cdbaby.com,Bigender,185.75.43.140
211,Montague,Boniface,mboniface5u@aboutads.info,Agender,164.240.7.49
212,Janenna,Vellden,jvellden5v@upenn.edu,Genderqueer,10.207.210.29
213,Bobina,Cockburn,bcockburn5w@newsvine.com,Female,210.126.129.115
214,Archibaldo,Weadick,aweadick5x@paypal.com,Male,113.55.14.200
215,Minerva,Ballantine,mballantine5y@phoca.cz,Male,148.54.130.241
216,Garland,Haly,ghaly5z@elegantthemes.com,Agender,38.16.46.159
217,Lorri,Strase,lstrase60@indiegogo.com,Bigender,163.147.128.156
218,Mariel,MacTerlagh,mmacterlagh61@vkontakte.ru,Non-binary,139.84.72.165
219,Stuart,Pasterfield,spasterfield62@alexa.com,Genderqueer,239.215.167.116
220,Sasha,Pechard,spechard63@google.co.jp,Male,89.0.233.163
221,Cyril,Dixey,cdixey64@salon.com,Polygender,91.49.110.35
222,Ainslee,Haill,ahaill65@ifeng.com,Genderfluid,82.227.27.10
223,Rachel,Stolberger,rstolberger66@networkadvertising.org,Female,67.24.134.247
224,Correy,MacCollom,cmaccollom67@huffingtonpost.com,Male,94.144.175.195
225,Annetta,Fuge,afuge68@ibm.com,Male,113.117.88.137
226,Cristian,Lamminam,clamminam69@patch.com,Genderfluid,152.149.157.140
227,Shana,Calderon,scalderon6a@oaic.gov.au,Genderqueer,56.113.61.25
228,Auroora,Joscelyn,ajoscelyn6b@hatena.ne.jp,Genderfluid,191.40.161.209
229,Jada,Downing,jdowning6c@squidoo.com,Genderqueer,180.144.66.49
230,Ruttger,Dalgety,rdalgety6d@squidoo.com,Bigender,176.160.41.188
231,Orson,Roscoe,oroscoe6e@canalblog.com,Female,165.175.210.252
232,Edwin,Pendlebury,ependlebury6f@newsvine.com,Non-binary,110.205.80.3
233,Dudley,Bewshaw,dbewshaw6g@amazon.co.jp,Non-binary,120.164.145.71
234,Jaquenette,Pringuer,jpringuer6h@unblog.fr,Female,127.247.67.149
235,Nicola,Pittem,npittem6i@army.mil,Agender,114.231.164.98
236,Evanne,Pittson,epittson6j@skype.com,Genderqueer,214.87.48.217
237,Dari,Masser,dmasser6k@dailymail.co.uk,Polygender,166.200.37.98
238,Astrix,Willwood,awillwood6l@last.fm,Polygender,252.135.130.100
239,Ole,Theyer,otheyer6m@so-net.ne.jp,Genderfluid,2.180.4.19
240,Dorisa,Tapp,dtapp6n@home.pl,Female,237.196.133.254
241,Neile,MacCafferky,nmaccafferky6o@alibaba.com,Polygender,248.251.11.165
242,Brier,Berkeley,bberkeley6p@unblog.fr,Agender,26.117.175.75
243,Mona,Hamp,mhamp6q@scientificamerican.com,Bigender,226.151.88.155
244,Tabina,Geraudel,tgeraudel6r@geocities.jp,Genderfluid,93.91.145.122
245,Clemente,Pinn,cpinn6s@youku.com,Agender,31.200.85.16
246,Calli,Dunstall,cdunstall6t@mapquest.com,Polygender,209.208.98.144
247,Toiboid,Fahy,tfahy6u@biblegateway.com,Polygender,166.19.146.106
248,Aylmer,Titmus,atitmus6v@seesaa.net,Polygender,116.212.46.171
249,Alanah,Rushmer,arushmer6w@ning.com,Genderfluid,208.221.118.181
250,Christian,Gillions,cgillions6x@psu.edu,Male,226.22.7.25
251,Elie,Stoller,estoller6y@ebay.com,Female,217.12.57.167
252,Welbie,Chishull,wchishull6z@springer.com,Non-binary,26.234.34.2
253,Wilow,Diboll,wdiboll70@e-recht24.de,Genderfluid,195.137.127.157
254,Madge,Binham,mbinham71@people.com.cn,Male,242.239.78.55
255,Annabel,Batter,abatter72@shutterfly.com,Polygender,95.195.254.6
256,Salem,Issacoff,sissacoff73@xrea.com,Male,107.207.235.209
257,Iver,Heaven,iheaven74@over-blog.com,Non-binary,7.16.157.149
258,Sharity,Stidson,sstidson75@seattletimes.com,Female,21.194.59.189
259,Tomlin,Yokelman,tyokelman76@taobao.com,Male,224.47.126.120
260,Wood,Adlington,wadlington77@youku.com,Female,117.126.140.117
261,Tracey,Chopy,tchopy78@bluehost.com,Genderfluid,129.147.75.77
262,Laverna,Narramore,lnarramore79@google.pl,Genderqueer,190.213.168.201
263,Giustino,Anthon,ganthon7a@squarespace.com,Bigender,156.12.171.146
264,Klement,Crowder,kcrowder7b@ed.gov,Male,191.75.210.66
265,Bern,Cottage,bcottage7c@auda.org.au,Agender,21.6.243.205
266,Haroun,Geffe,hgeffe7d@wp.com,Male,32.60.204.12
267,Lucila,Salaman,lsalaman7e@skyrock.com,Bigender,185.241.69.54
268,Damian,Peat,dpeat7f@google.pl,Polygender,250.2.46.200
269,Kinsley,Vernazza,kvernazza7g@spotify.com,Bigender,62.75.239.14
270,Kennith,Imesen,kimesen7h@eepurl.com,Genderqueer,138.68.230.120
271,Maximo,Bortolutti,mbortolutti7i@blinklist.com,Genderfluid,28.230.54.129
272,Rabbi,Franzelini,rfranzelini7j@omniture.com,Bigender,85.222.177.166
273,Henderson,Brigham,hbrigham7k@cyberchimps.com,Female,121.242.156.24
274,Rice,Shergold,rshergold7l@webmd.com,Genderqueer,83.144.84.75
275,Madonna,Ruddle,mruddle7m@wiley.com,Female,119.199.193.107
276,Carlyn,Polsin,cpolsin7n@netvibes.com,Bigender,26.166.160.59
277,Ahmed,Gounin,agounin7o@hatena.ne.jp,Non-binary,228.132.209.61
278,Patrick,Bartolomivis,pbartolomivis7p@ed.gov,Genderfluid,171.228.77.232
279,Gwenette,Streatfeild,gstreatfeild7q@chron.com,Female,102.125.24.78
280,Chilton,Hawkey,chawkey7r@123-reg.co.uk,Genderfluid,88.146.188.254
281,See,O'Hearn,sohearn7s@cafepress.com,Genderqueer,179.120.143.245
282,Seymour,Boutcher,sboutcher7t@merriam-webster.com,Agender,213.55.227.240
283,Quent,Cutsforth,qcutsforth7u@blinklist.com,Non-binary,227.199.225.180
284,Birdie,Ferrey,bferrey7v@t-online.de,Non-binary,251.215.93.127
285,Bayard,Coatsworth,bcoatsworth7w@4shared.com,Non-binary,59.202.11.222
286,Alexander,Baudains,abaudains7x@github.com,Bigender,151.21.63.138
287,Xavier,Glede,xglede7y@odnoklassniki.ru,Bigender,64.33.115.207
288,Budd,Bane,bbane7z@wp.com,Bigender,3.27.185.57
289,Priscilla,Nehls,pnehls80@csmonitor.com,Polygender,164.163.210.114
290,Bart,Flasby,bflasby81@nba.com,Genderqueer,153.192.128.175
291,Clay,Coat,ccoat82@netlog.com,Agender,68.110.100.78
292,Gabi,Kenwood,gkenwood83@google.com,Bigender,91.89.73.36
293,Beale,Puttergill,bputtergill84@phoca.cz,Bigender,9.169.228.223
294,Danielle,Allsebrook,dallsebrook85@miitbeian.gov.cn,Male,147.195.164.44
295,Carine,Emmanuel,cemmanuel86@wiley.com,Bigender,83.62.114.48
296,Dalli,Gocher,dgocher87@macromedia.com,Female,181.215.248.245
297,Isidor,Dewdney,idewdney88@ask.com,Genderqueer,99.19.71.65
298,Tatiana,Wells,twells89@si.edu,Genderqueer,105.10.138.68
299,Cathy,Heugh,cheugh8a@nps.gov,Bigender,110.2.228.83
300,Ninnetta,Spreadbury,nspreadbury8b@patch.com,Non-binary,223.204.154.216
301,Margie,Small,msmall8c@godaddy.com,Genderqueer,189.47.83.241
302,Enrico,Wyss,ewyss8d@desdev.cn,Polygender,228.73.25.79
303,Sanderson,Devennie,sdevennie8e@dyndns.org,Non-binary,151.48.100.138
304,Rheta,Cone,rcone8f@nba.com,Bigender,133.114.146.125
305,Wallis,Abrashkin,wabrashkin8g@hibu.com,Non-binary,209.114.93.145
306,Vassily,Culleton,vculleton8h@adobe.com,Male,213.248.123.101
307,Burch,Burkin,bburkin8i@theglobeandmail.com,Female,21.175.33.225
308,Lane,McAster,lmcaster8j@wsj.com,Agender,189.65.181.51
309,Sibylle,Filmer,sfilmer8k@buzzfeed.com,Agender,128.65.242.29
310,Gaylene,Daud,gdaud8l@google.co.jp,Non-binary,104.243.249.244
311,Foss,Oatley,foatley8m@com.com,Bigender,17.250.86.128
312,Kirby,Snalom,ksnalom8n@usgs.gov,Male,28.141.91.246
313,Yelena,Marchelli,ymarchelli8o@vinaora.com,Polygender,68.134.66.249
314,Abbey,Dosdale,adosdale8p@discuz.net,Genderqueer,254.114.128.240
315,Mendel,Pegler,mpegler8q@jigsy.com,Genderqueer,37.190.99.13
316,Patricia,Brok,pbrok8r@dion.ne.jp,Non-binary,171.235.158.220
317,Koo,Gearty,kgearty8s@fastcompany.com,Non-binary,151.197.86.49
318,Rouvin,Espadas,respadas8t@indiegogo.com,Bigender,208.104.145.107
319,Jayson,Bosnell,jbosnell8u@so-net.ne.jp,Agender,44.38.225.16
320,Leslie,Cleen,lcleen8v@chronoengine.com,Bigender,146.194.223.151
321,Noelle,Pargiter,npargiter8w@unicef.org,Genderqueer,192.67.164.42
322,Gilemette,Ginn,gginn8x@patch.com,Female,106.11.231.254
323,Kristopher,Lambot,klambot8y@blinklist.com,Bigender,66.235.154.225
324,Marcellus,Fonzo,mfonzo8z@washington.edu,Polygender,114.39.83.48
325,Clio,Prickett,cprickett90@meetup.com,Polygender,131.19.81.72
326,Bride,Berndtsson,bberndtsson91@skype.com,Agender,247.46.110.113
327,Casey,Alwood,calwood92@google.cn,Female,33.78.200.211
328,Hildagard,Ackery,hackery93@taobao.com,Polygender,97.190.223.214
329,Lucian,Buttwell,lbuttwell94@cpanel.net,Female,14.106.70.225
330,Jacobo,Nutter,jnutter95@tripod.com,Female,209.133.196.233
331,Temple,Takle,ttakle96@wunderground.com,Male,84.228.202.11
332,Tallie,Gorgen,tgorgen97@facebook.com,Non-binary,191.116.165.54
333,Barrie,Walster,bwalster98@newsvine.com,Bigender,136.200.145.227
334,Ermin,Hollerin,ehollerin99@wiley.com,Non-binary,209.203.88.255
335,Winonah,Pinchon,wpinchon9a@booking.com,Agender,144.198.20.37
336,Spenser,Tyce,styce9b@msu.edu,Genderqueer,239.0.191.23
337,Alica,Heymes,aheymes9c@sfgate.com,Polygender,81.155.1.236
338,Harriet,Burton,hburton9d@addtoany.com,Genderqueer,146.184.50.48
339,Zerk,Pexton,zpexton9e@photobucket.com,Bigender,125.152.227.205
340,Fayre,Necrews,fnecrews9f@elpais.com,Polygender,35.36.75.209
341,Grannie,Farryan,gfarryan9g@huffingtonpost.com,Genderfluid,189.79.45.93
342,Engelbert,Clawsley,eclawsley9h@webnode.com,Non-binary,200.136.15.224
343,Yalonda,Lattimer,ylattimer9i@mapquest.com,Bigender,132.80.211.212
344,Ruthie,Blyth,rblyth9j@yandex.ru,Male,13.230.124.86
345,Margaret,Ferrier,mferrier9k@dailymotion.com,Bigender,134.79.58.49
346,Alida,Besant,abesant9l@cmu.edu,Non-binary,206.243.108.187
347,Hewett,Garratty,hgarratty9m@list-manage.com,Polygender,80.127.153.179
348,Neall,Ilyukhov,nilyukhov9n@hubpages.com,Agender,65.153.197.198
349,Ronalda,Atherton,ratherton9o@stumbleupon.com,Male,2.133.163.150
350,Terri,Blaxlande,tblaxlande9p@smh.com.au,Male,207.118.90.150
351,Barr,McGruar,bmcgruar9q@rambler.ru,Male,13.12.156.165
352,Ermanno,MacGruer,emacgruer9r@auda.org.au,Genderfluid,212.127.200.229
353,Zandra,Reynish,zreynish9s@scientificamerican.com,Non-binary,155.6.248.145
354,Gaby,Dunbabin,gdunbabin9t@ed.gov,Bigender,187.162.91.22
355,Rena,O'Leary,roleary9u@arizona.edu,Agender,226.146.140.107
356,Artus,Bonavia,abonavia9v@soup.io,Genderqueer,64.197.66.122
357,Francine,Clappson,fclappson9w@hubpages.com,Non-binary,105.82.4.119
358,Matteo,Parram,mparram9x@moonfruit.com,Female,49.133.167.138
359,Maryrose,Conor,mconor9y@washington.edu,Genderfluid,231.41.6.145
360,Devon,Sahlstrom,dsahlstrom9z@dmoz.org,Agender,91.101.231.49
361,Katharyn,Phinnessy,kphinnessya0@instagram.com,Agender,60.89.177.229
362,Meriel,Batch,mbatcha1@flavors.me,Agender,236.137.232.156
363,Mina,MacRinn,mmacrinna2@homestead.com,Genderqueer,153.30.196.156
364,Rosana,Howatt,rhowatta3@mit.edu,Genderqueer,51.219.94.213
365,Pepillo,Farmer,pfarmera4@ow.ly,Male,223.105.30.144
366,Adlai,Coddington,acoddingtona5@theglobeandmail.com,Bigender,55.216.73.127
367,Inge,Godfray,igodfraya6@skype.com,Polygender,124.159.253.177
368,Neilla,Luddy,nluddya7@timesonline.co.uk,Bigender,116.73.18.0
369,Shannan,Kermon,skermona8@biglobe.ne.jp,Bigender,147.160.247.245
370,Moishe,Preene,mpreenea9@soup.io,Agender,68.73.110.221
371,Alix,O'Hickee,aohickeeaa@phoca.cz,Non-binary,92.127.77.18
372,Hallsy,Wride,hwrideab@google.de,Female,123.246.213.140
373,Marian,Cicutto,mcicuttoac@europa.eu,Bigender,65.9.237.140
374,Ogdon,Guarnier,oguarnierad@woothemes.com,Bigender,234.21.77.93
375,Dalia,Joslin,djoslinae@fotki.com,Genderqueer,90.1.182.205
376,Ranique,Gonet,rgonetaf@amazon.com,Non-binary,250.135.222.133
377,Fina,Giorgetti,fgiorgettiag@vkontakte.ru,Genderfluid,100.62.68.128
378,Meridel,Joseff,mjoseffah@zimbio.com,Female,239.115.115.209
379,Josephine,MacAleese,jmacaleeseai@i2i.jp,Genderfluid,125.74.30.60
380,Kassie,Upham,kuphamaj@cloudflare.com,Genderqueer,247.50.11.225
381,Carlee,Petyakov,cpetyakovak@macromedia.com,Genderqueer,236.254.174.181
382,Gabe,Le Grove,glegroveal@buzzfeed.com,Male,15.7.23.7
383,Sonni,Anthonsen,santhonsenam@typepad.com,Genderqueer,45.24.153.7
384,Viviene,Hamman,vhammanan@who.int,Non-binary,216.69.1.79
385,Xylia,De Leek,xdeleekao@pagesperso-orange.fr,Female,223.110.71.210
386,Derrek,MacLaren,dmaclarenap@odnoklassniki.ru,Polygender,48.132.73.208
387,Terese,Vertey,tverteyaq@springer.com,Female,84.179.76.127
388,Brnaba,Halwell,bhalwellar@oakley.com,Polygender,74.54.43.113
389,Charline,Brundill,cbrundillas@webmd.com,Bigender,179.214.239.32
390,Jeniffer,Pascow,jpascowat@amazonaws.com,Bigender,95.178.187.93
391,Tracy,Leyes,tleyesau@princeton.edu,Genderfluid,25.107.90.106
392,Livvie,Levinge,llevingeav@statcounter.com,Bigender,68.66.211.152
393,Virgina,Bowdrey,vbowdreyaw@mozilla.org,Female,235.230.14.144
394,Joelie,Goldes,jgoldesax@wordpress.org,Genderqueer,31.122.225.251
395,Paige,Heaslip,pheaslipay@europa.eu,Genderfluid,109.164.239.115
396,Lambert,Broadhurst,lbroadhurstaz@nbcnews.com,Bigender,238.151.194.155
397,Randi,Mangin,rmanginb0@rakuten.co.jp,Male,211.76.81.213
398,Kenneth,Augur,kaugurb1@last.fm,Genderfluid,219.223.195.163
399,Olly,MacAlister,omacalisterb2@trellian.com,Female,146.180.217.66
400,Shurwood,Ayres,sayresb3@bravesites.com,Male,117.21.20.130
401,Amaleta,Kose,akoseb4@walmart.com,Polygender,9.206.250.84
402,Nevsa,Tithecott,ntithecottb5@hibu.com,Female,85.202.138.116
403,Goddart,McCathie,gmccathieb6@freewebs.com,Agender,242.10.72.21
404,Murielle,Goodhay,mgoodhayb7@zdnet.com,Genderfluid,214.241.211.74
405,Goran,Davers,gdaversb8@businessweek.com,Non-binary,6.226.12.62
406,Mylo,Goodby,mgoodbyb9@kickstarter.com,Genderfluid,29.97.13.220
407,Tate,De Freyne,tdefreyneba@reddit.com,Male,181.203.55.142
408,Petronia,Forcade,pforcadebb@liveinternet.ru,Male,249.71.227.44
409,Maggi,Beswick,mbeswickbc@exblog.jp,Polygender,164.61.20.221
410,Harlin,Lewty,hlewtybd@europa.eu,Genderfluid,42.62.2.198
411,Caleb,Ivanuschka,civanuschkabe@tiny.cc,Bigender,50.157.187.193
412,Vania,Phizakarley,vphizakarleybf@github.io,Agender,107.4.18.179
413,Cherey,MacKereth,cmackerethbg@addthis.com,Polygender,195.242.174.115
414,Ethelbert,Irons,eironsbh@telegraph.co.uk,Bigender,207.42.146.78
415,Mick,Wescott,mwescottbi@biblegateway.com,Non-binary,35.17.31.164
416,Stefano,Glowinski,sglowinskibj@mlb.com,Bigender,188.152.254.246
417,Chickie,Dainty,cdaintybk@unesco.org,Bigender,229.185.220.13
418,Lorine,Dreschler,ldreschlerbl@icio.us,Agender,126.180.103.111
419,Andria,Rogers,arogersbm@mozilla.org,Bigender,234.75.228.130
420,Tarrance,Jouannisson,tjouannissonbn@yahoo.co.jp,Female,57.201.225.167
421,Delmore,Chesnay,dchesnaybo@who.int,Genderqueer,221.181.16.196
422,Armstrong,Andreacci,aandreaccibp@discuz.net,Female,177.42.7.92
423,Clareta,Beadle,cbeadlebq@joomla.org,Genderfluid,196.64.59.237
424,Latrina,MacGeffen,lmacgeffenbr@people.com.cn,Agender,44.221.41.88
425,Brenden,Hearne,bhearnebs@sfgate.com,Bigender,227.115.227.147
426,Madelon,Silliman,msillimanbt@yellowpages.com,Genderqueer,218.122.210.236
427,Larry,Gianasi,lgianasibu@amazonaws.com,Male,169.157.178.78
428,Brenn,Baitey,bbaiteybv@multiply.com,Male,253.123.52.146
429,Ellynn,Dorbin,edorbinbw@chicagotribune.com,Genderqueer,97.140.213.213
430,Elmira,Winton,ewintonbx@youtube.com,Polygender,161.160.255.107
431,Cornell,Whelan,cwhelanby@imgur.com,Polygender,44.159.73.186
432,Odo,Hicklingbottom,ohicklingbottombz@ow.ly,Bigender,74.216.25.102
433,Errick,Comer,ecomerc0@wisc.edu,Non-binary,255.8.136.175
434,Belva,Aslett,baslettc1@blog.com,Genderqueer,133.0.7.203
435,Mathe,Craydon,mcraydonc2@cocolog-nifty.com,Agender,146.210.200.222
436,Nelia,Wiltshear,nwiltshearc3@hubpages.com,Male,76.153.141.154
437,Byron,Godridge,bgodridgec4@woothemes.com,Non-binary,73.214.205.81
438,Lonnard,Caulton,lcaultonc5@opera.com,Agender,183.54.27.176
439,Vivianna,Tezure,vtezurec6@statcounter.com,Genderfluid,139.94.72.184
440,Bryon,Beany,bbeanyc7@mail.ru,Female,132.254.144.167
441,Jeramie,Fordham,jfordhamc8@mlb.com,Polygender,127.169.210.170
442,Correna,Rootham,croothamc9@plala.or.jp,Non-binary,195.113.42.7
443,Marmaduke,O'Hanley,mohanleyca@comcast.net,Bigender,23.218.221.155
444,Caressa,Bullar,cbullarcb@meetup.com,Genderfluid,119.55.143.250
445,Anabel,Gammon,agammoncc@ifeng.com,Non-binary,114.37.140.118
446,Salomon,Dowderswell,sdowderswellcd@marketwatch.com,Male,37.174.251.26
447,Kathryne,Buglass,kbuglassce@wufoo.com,Genderfluid,82.35.82.140
448,Justinn,Amar,jamarcf@parallels.com,Male,30.76.143.98
449,Nev,Burchett,nburchettcg@google.ru,Genderfluid,124.161.74.164
450,Alvie,Dunkerly,adunkerlych@woothemes.com,Non-binary,169.180.243.251
451,Agnola,Purselowe,apurseloweci@blogs.com,Male,194.119.112.201
452,Dyan,Swaffield,dswaffieldcj@ovh.net,Female,87.25.148.86
453,Bethany,Spencer,bspencerck@smugmug.com,Bigender,86.196.191.223
454,Kiel,Jennison,kjennisoncl@guardian.co.uk,Polygender,43.132.223.179
455,Ruthanne,Genthner,rgenthnercm@twitter.com,Polygender,42.241.208.241
456,Rosabelle,Mazzilli,rmazzillicn@nationalgeographic.com,Male,4.124.120.226
457,Conchita,Skingle,cskingleco@thetimes.co.uk,Female,14.241.11.142
458,Ara,Thwaite,athwaitecp@sina.com.cn,Genderqueer,29.74.237.138
459,Ofella,Mowne,omownecq@miibeian.gov.cn,Genderfluid,187.99.183.85
460,Giovanni,Scneider,gscneidercr@wikimedia.org,Genderfluid,191.158.149.42
461,Bobina,Bice,bbicecs@histats.com,Agender,96.243.89.170
462,Gaby,Lafranconi,glafranconict@google.fr,Bigender,46.160.118.127
463,Nikos,Ravenscraft,nravenscraftcu@bizjournals.com,Polygender,240.140.79.172
464,Carri,Friedank,cfriedankcv@macromedia.com,Genderfluid,202.41.114.130
465,Blakeley,Castelijn,bcastelijncw@merriam-webster.com,Non-binary,244.113.250.52
466,Carlie,Crook,ccrookcx@cbc.ca,Female,197.223.203.249
467,Vance,Lawrie,vlawriecy@wikipedia.org,Genderqueer,1.52.83.120
468,Alma,Sanham,asanhamcz@salon.com,Agender,97.207.206.60
469,Kilian,Glayzer,kglayzerd0@scientificamerican.com,Genderfluid,121.74.118.23
470,Alden,Laxson,alaxsond1@privacy.gov.au,Genderfluid,248.218.196.36
471,Trixy,Jacop,tjacopd2@wsj.com,Female,148.229.235.114
472,Thorndike,Annandale,tannandaled3@twitter.com,Bigender,18.167.115.181
473,Wilmette,Click,wclickd4@miitbeian.gov.cn,Male,197.165.37.77
474,Penrod,McElhinney,pmcelhinneyd5@webnode.com,Bigender,190.72.105.167
475,Terri,Bimrose,tbimrosed6@reference.com,Genderfluid,53.74.242.183
476,Catlaina,Bothams,cbothamsd7@businesswire.com,Bigender,209.136.29.234
477,Lev,Wilding,lwildingd8@oracle.com,Female,50.121.65.107
478,Marci,Rumsby,mrumsbyd9@reuters.com,Agender,94.248.40.244
479,Lissa,Radclyffe,lradclyffeda@sogou.com,Female,186.67.119.215
480,Olivia,Stockill,ostockilldb@networksolutions.com,Bigender,38.124.99.247
481,Tailor,Balthasar,tbalthasardc@csmonitor.com,Female,64.39.117.202
482,Rhett,Roache,rroachedd@flickr.com,Non-binary,73.35.205.129
483,Alma,Wilmore,awilmorede@slate.com,Female,82.84.63.153
484,Guntar,Etherson,gethersondf@istockphoto.com,Genderqueer,233.105.145.139
485,Johannah,Leisk,jleiskdg@ox.ac.uk,Agender,197.144.230.160
486,Christoffer,Ferrandez,cferrandezdh@ameblo.jp,Male,10.7.89.127
487,Tabor,Lambert-Ciorwyn,tlambertciorwyndi@tinyurl.com,Polygender,185.81.29.25
488,Levon,Iskow,liskowdj@google.com.br,Non-binary,136.127.213.30
489,Sibby,Buscher,sbuscherdk@theatlantic.com,Polygender,1.109.45.116
490,Chrystal,Caramuscia,ccaramusciadl@intel.com,Polygender,233.254.53.97
491,Kristen,Woolveridge,kwoolveridgedm@typepad.com,Genderfluid,172.102.80.74
492,Muffin,Lehr,mlehrdn@unblog.fr,Bigender,200.169.35.100
493,Corene,Blackhurst,cblackhurstdo@ox.ac.uk,Bigender,71.70.250.110
494,Effie,Arni,earnidp@phpbb.com,Bigender,111.97.149.86
495,Rosina,Oehme,roehmedq@netvibes.com,Female,135.11.30.5
496,Costa,Cominotti,ccominottidr@chronoengine.com,Female,155.15.128.197
497,Dani,Hubbard,dhubbardds@netlog.com,Non-binary,158.42.52.248
498,Mathilde,Lulham,mlulhamdt@rambler.ru,Genderqueer,209.135.190.16
499,Gonzales,Dran,gdrandu@istockphoto.com,Agender,168.226.247.147
500,Cully,Aberchirder,caberchirderdv@woothemes.com,Bigender,173.80.191.42
501,Pegeen,Fraczak,pfraczakdw@privacy.gov.au,Male,20.254.169.253
502,Ralph,Wroath,rwroathdx@goo.gl,Male,228.253.157.7
503,Hadrian,Drynan,hdrynandy@bloomberg.com,Non-binary,186.9.179.76
504,Ogdon,Wooff,owooffdz@domainmarket.com,Polygender,202.201.127.240
505,Erick,Lawn,elawne0@yandex.ru,Non-binary,85.118.244.245
506,Quinlan,Takle,qtaklee1@phoca.cz,Male,193.43.85.137
507,Nata,Preshous,npreshouse2@free.fr,Non-binary,63.61.159.48
508,Isiahi,Nendick,inendicke3@sciencedaily.com,Genderfluid,104.205.28.15
509,Yanaton,Canacott,ycanacotte4@fotki.com,Bigender,26.55.206.22
510,Gamaliel,Garces,ggarcese5@nih.gov,Polygender,141.60.89.167
511,Torrie,Karlsson,tkarlssone6@51.la,Polygender,191.211.97.215
512,Valaria,Chafer,vchafere7@ebay.com,Polygender,128.55.117.36
513,Adelbert,Glascott,aglascotte8@alexa.com,Bigender,222.150.166.164
514,Akim,Schultze,aschultzee9@arstechnica.com,Genderqueer,104.17.10.66
515,Jarid,Currall,jcurrallea@godaddy.com,Bigender,168.134.119.98
516,Octavia,Hebborn,ohebborneb@eventbrite.com,Non-binary,191.46.178.65
517,Kylila,Simonot,ksimonotec@cafepress.com,Genderfluid,192.186.218.28
518,Brendan,Fouracres,bfouracresed@ocn.ne.jp,Male,207.86.254.212
519,Elsi,Vondrys,evondrysee@state.gov,Bigender,117.239.102.25
520,Candra,Crain,ccrainef@myspace.com,Polygender,32.15.143.178
521,Stevy,Gummery,sgummeryeg@chronoengine.com,Female,43.219.35.243
522,Bondon,Shier,bshiereh@bandcamp.com,Genderqueer,192.68.163.55
523,Bobbie,Canedo,bcanedoei@ovh.net,Female,223.135.164.119
524,Diahann,Jessup,djessupej@studiopress.com,Agender,125.53.2.98
525,Alvinia,Lamey,alameyek@acquirethisname.com,Genderqueer,170.242.183.46
526,Tremayne,Fazackerley,tfazackerleyel@foxnews.com,Polygender,81.199.211.11
527,Woodrow,Joontjes,wjoontjesem@yale.edu,Male,189.233.43.219
528,Neysa,Lisett,nlisetten@apache.org,Non-binary,23.126.68.175
529,Ealasaid,Head,eheadeo@istockphoto.com,Genderqueer,157.186.73.202
530,Goldia,Royans,groyansep@vkontakte.ru,Genderqueer,204.38.138.72
531,Brendin,Cannaway,bcannawayeq@friendfeed.com,Genderfluid,178.140.34.10
532,Yance,Settle,ysettleer@marketwatch.com,Non-binary,181.216.109.79
533,Bea,Wetter,bwetteres@oakley.com,Polygender,224.116.16.51
534,Marlin,Spowage,mspowageet@lycos.com,Non-binary,55.102.218.219
535,Vickie,Omar,vomareu@adobe.com,Genderfluid,105.234.181.141
536,Ericha,Shafe,eshafeev@huffingtonpost.com,Genderfluid,70.39.59.233
537,Flossy,Venart,fvenartew@soundcloud.com,Genderqueer,7.16.170.1
538,Glynn,Silverton,gsilvertonex@huffingtonpost.com,Polygender,192.242.116.76
539,Shaina,Lethieulier,slethieulierey@jiathis.com,Agender,236.128.2.114
540,Keelia,Derisley,kderisleyez@techcrunch.com,Female,78.156.248.116
541,Holden,Thornhill,hthornhillf0@squidoo.com,Agender,183.116.243.125
542,Dan,Grishanov,dgrishanovf1@php.net,Non-binary,233.242.24.159
543,Venus,Sheer,vsheerf2@weather.com,Male,8.102.229.82
544,Gerhardine,Skalls,gskallsf3@apple.com,Non-binary,64.93.89.170
545,Morgen,Dimitru,mdimitruf4@tinyurl.com,Polygender,231.59.159.13
546,Redd,Hawkshaw,rhawkshawf5@cbsnews.com,Genderfluid,91.22.217.201
547,Erena,Bourgour,ebourgourf6@msn.com,Genderqueer,235.152.116.33
548,Olympie,De Ruggero,oderuggerof7@ed.gov,Bigender,125.151.71.251
549,Korie,Evason,kevasonf8@chicagotribune.com,Genderfluid,10.197.74.63
550,Jobina,Berling,jberlingf9@google.pl,Non-binary,133.103.116.91
551,Renado,Kears,rkearsfa@spotify.com,Non-binary,194.11.29.97
552,Ferdinanda,Lilleycrop,flilleycropfb@delicious.com,Non-binary,169.36.13.20
553,Malina,MacMychem,mmacmychemfc@free.fr,Female,62.2.187.76
554,Lowe,Lyall,llyallfd@apache.org,Genderfluid,206.108.41.87
555,Shelly,Jantet,sjantetfe@ftc.gov,Agender,83.11.177.152
556,Kathi,Rissen,krissenff@merriam-webster.com,Female,47.75.187.231
557,Mathias,Leverich,mleverichfg@ezinearticles.com,Agender,30.83.99.180
558,Lorry,Gjerde,lgjerdefh@bizjournals.com,Male,0.179.19.184
559,Con,Kibard,ckibardfi@pcworld.com,Non-binary,212.122.37.158
560,Burton,Odgers,bodgersfj@weibo.com,Polygender,113.105.172.35
561,Ephraim,Schoenleiter,eschoenleiterfk@homestead.com,Non-binary,73.151.71.35
562,Carlota,Goodread,cgoodreadfl@uiuc.edu,Female,104.12.145.139
563,Drew,Kiss,dkissfm@ehow.com,Female,15.188.43.211
564,Andeee,Scrymgeour,ascrymgeourfn@mlb.com,Bigender,128.202.61.62
565,Craig,Dunrige,cdunrigefo@home.pl,Genderqueer,27.106.103.101
566,Madelaine,Curdell,mcurdellfp@tiny.cc,Polygender,178.5.38.0
567,Wylie,Brave,wbravefq@newsvine.com,Female,198.125.205.86
568,Lanette,Coultass,lcoultassfr@newyorker.com,Genderqueer,199.65.102.35
569,Jarib,Remnant,jremnantfs@de.vu,Female,212.137.126.206
570,Kendricks,Thorwarth,kthorwarthft@wunderground.com,Polygender,96.250.158.191
571,Mason,Jenteau,mjenteaufu@e-recht24.de,Genderqueer,188.216.8.93
572,Chevy,Skeldinge,cskeldingefv@auda.org.au,Polygender,83.134.16.116
573,Adena,Storrock,astorrockfw@fda.gov,Non-binary,0.189.126.83
574,Charlotte,Pietesch,cpieteschfx@craigslist.org,Non-binary,93.188.205.202
575,Zacherie,Spendley,zspendleyfy@mac.com,Non-binary,118.249.102.125
576,Cal,Everleigh,ceverleighfz@etsy.com,Non-binary,203.211.156.167
577,Onfroi,Windebank,owindebankg0@smh.com.au,Agender,190.44.129.109
578,Herve,Drohun,hdrohung1@artisteer.com,Female,10.139.192.74
579,Lockwood,Tylor,ltylorg2@myspace.com,Agender,17.170.160.156
580,Dalli,Sexcey,dsexceyg3@dot.gov,Genderfluid,91.34.0.249
581,Deidre,Fritzer,dfritzerg4@fotki.com,Genderqueer,214.138.229.176
582,Reta,Seine,rseineg5@disqus.com,Agender,63.162.154.178
583,Angelina,Critzen,acritzeng6@tmall.com,Non-binary,84.104.193.238
584,Anita,McGarry,amcgarryg7@shutterfly.com,Male,207.178.160.233
585,Coraline,Jelleman,cjellemang8@trellian.com,Genderqueer,91.79.150.4
586,Buddie,Jenno,bjennog9@g.co,Male,21.190.243.44
587,Truman,Ragbourne,tragbournega@ovh.net,Female,50.218.231.34
588,Daile,Exrol,dexrolgb@deliciousdays.com,Genderfluid,73.139.231.67
589,Fannie,Devericks,fdevericksgc@blogs.com,Genderqueer,107.211.78.92
590,Arabele,Bellam,abellamgd@google.fr,Bigender,205.66.76.202
591,Barbi,Seven,bsevenge@timesonline.co.uk,Polygender,73.202.118.53
592,Adair,Farnhill,afarnhillgf@wiley.com,Male,17.223.82.194
593,Alverta,Alves,aalvesgg@nsw.gov.au,Agender,231.150.117.41
594,Dynah,Sayburn,dsayburngh@sina.com.cn,Genderfluid,99.175.187.1
595,Venita,Batchley,vbatchleygi@slideshare.net,Male,148.222.239.131
596,Becky,Yurikov,byurikovgj@jalbum.net,Female,88.56.166.121
597,Luz,Wigan,lwigangk@hugedomains.com,Agender,4.90.215.139
598,Ysabel,Bour,ybourgl@csmonitor.com,Agender,107.46.125.142
599,Alfredo,Hitter,ahittergm@ask.com,Genderqueer,219.163.137.167
600,Tillie,Hanshawe,thanshawegn@state.tx.us,Polygender,160.24.8.72
601,Shanan,Llorens,sllorensgo@tinyurl.com,Polygender,85.46.144.19
602,Ruthie,Delahunty,rdelahuntygp@sfgate.com,Non-binary,115.152.131.28
603,Win,Devall,wdevallgq@slate.com,Polygender,68.25.75.38
604,Kaiser,Aronson,karonsongr@bizjournals.com,Non-binary,188.165.105.107
605,Celestine,Soden,csodengs@cbc.ca,Bigender,248.243.150.21
606,Randal,Francklyn,rfrancklyngt@amazon.co.uk,Agender,50.103.51.63
607,Sabra,Dahmel,sdahmelgu@prweb.com,Genderqueer,200.207.89.127
608,Lisha,Pilling,lpillinggv@samsung.com,Non-binary,79.140.214.156
609,Marchelle,Philot,mphilotgw@opera.com,Genderqueer,48.218.111.71
610,Howard,Drowsfield,hdrowsfieldgx@telegraph.co.uk,Polygender,0.179.67.233
611,Tannie,Cuss,tcussgy@princeton.edu,Genderqueer,189.241.152.87
612,Vitia,Walesa,vwalesagz@umich.edu,Agender,50.59.188.234
613,Luis,Pavlenkov,lpavlenkovh0@amazonaws.com,Male,98.238.67.35
614,Diena,Pennone,dpennoneh1@nyu.edu,Genderfluid,96.192.245.146
615,Caldwell,Scrannage,cscrannageh2@bluehost.com,Male,142.79.77.108
616,Bartel,Tennick,btennickh3@amazon.com,Bigender,242.85.143.80
617,Ninetta,Jiru,njiruh4@google.com.br,Female,96.90.114.87
618,Drake,Bastable,dbastableh5@i2i.jp,Bigender,70.76.241.20
619,Heindrick,Durnford,hdurnfordh6@adobe.com,Male,94.95.123.23
620,Osbourne,Donoher,odonoherh7@bloglines.com,Genderfluid,128.167.113.132
621,Kit,Fitzhenry,kfitzhenryh8@free.fr,Non-binary,9.162.19.209
622,Gabriele,Kloser,gkloserh9@vinaora.com,Genderfluid,146.162.98.4
623,Adolphus,Liebermann,aliebermannha@ow.ly,Genderfluid,123.115.67.1
624,Nikolai,Aasaf,naasafhb@twitpic.com,Female,232.208.53.210
625,Shae,Hardingham,shardinghamhc@networkadvertising.org,Female,96.101.75.134
626,Archibaldo,Leebetter,aleebetterhd@independent.co.uk,Genderqueer,213.72.210.118
627,Antoine,Stollenbecker,astollenbeckerhe@squarespace.com,Non-binary,239.95.196.50
628,Napoleon,Critzen,ncritzenhf@quantcast.com,Female,63.54.160.182
629,Gabe,Bernet,gbernethg@cpanel.net,Bigender,6.232.243.154
630,Winne,Pallister,wpallisterhh@github.io,Genderfluid,196.182.198.115
631,Dallas,Liebmann,dliebmannhi@shinystat.com,Female,126.213.101.9
632,Margret,Marden,mmardenhj@scientificamerican.com,Female,39.229.224.200
633,Bethanne,Mackro,bmackrohk@kickstarter.com,Agender,36.223.126.9
634,Alyse,Tipler,atiplerhl@bbc.co.uk,Genderfluid,51.210.170.216
635,Annie,Bolding,aboldinghm@indiatimes.com,Genderfluid,155.179.209.177
636,Puff,Rilton,priltonhn@ow.ly,Genderqueer,245.46.96.133
637,Frieda,McLaverty,fmclavertyho@a8.net,Genderqueer,82.135.108.203
638,Hanson,Battrum,hbattrumhp@biblegateway.com,Genderqueer,11.121.149.196
639,Clevie,Keasey,ckeaseyhq@behance.net,Female,37.143.160.101
640,Rudolph,Lansdowne,rlansdownehr@ucoz.ru,Agender,1.254.161.19
641,Benjie,Lenahan,blenahanhs@jiathis.com,Agender,101.61.134.95
642,Elvira,Fevier,efevierht@bbb.org,Agender,88.191.161.150
643,Granny,Bartlomiejczyk,gbartlomiejczykhu@acquirethisname.com,Genderfluid,80.232.59.116
644,Lynna,McHardy,lmchardyhv@cnn.com,Non-binary,156.135.185.1
645,Katalin,Hamshar,khamsharhw@webmd.com,Male,215.170.159.177
646,Amye,Duffield,aduffieldhx@bbb.org,Male,42.220.92.66
647,Moishe,Bockin,mbockinhy@posterous.com,Bigender,156.213.203.119
648,Gerik,Hogsden,ghogsdenhz@ezinearticles.com,Female,50.179.5.238
649,Chas,Maryan,cmaryani0@vistaprint.com,Polygender,15.37.39.149
650,Johnathan,Cuncliffe,jcuncliffei1@youtu.be,Genderqueer,7.131.177.60
651,Barbara-anne,Francesc,bfrancesci2@simplemachines.org,Female,184.20.23.62
652,Timmy,Yuryev,tyuryevi3@arizona.edu,Male,92.250.155.86
653,Jannelle,Dillimore,jdillimorei4@biglobe.ne.jp,Agender,124.240.80.140
654,Adora,Tindle,atindlei5@chron.com,Female,122.153.228.88
655,Karil,Baal,kbaali6@wordpress.com,Polygender,208.208.83.5
656,Feliza,Moatt,fmoatti7@w3.org,Polygender,80.129.27.231
657,Abbe,Colliber,acolliberi8@a8.net,Male,40.187.41.86
658,Rosco,Wasling,rwaslingi9@mayoclinic.com,Non-binary,105.82.221.237
659,Kirby,Bischof,kbischofia@tripod.com,Bigender,184.116.216.179
660,Derrek,Steljes,dsteljesib@weibo.com,Polygender,214.220.113.126
661,Blayne,Haycraft,bhaycraftic@4shared.com,Polygender,136.106.168.0
662,Hank,Grancher,hgrancherid@fc2.com,Non-binary,119.249.103.115
663,Alyda,Wych,awychie@berkeley.edu,Agender,198.206.151.26
664,Quinton,Roggieri,qroggieriif@about.me,Female,240.113.123.57
665,Christian,Owen,cowenig@techcrunch.com,Bigender,13.114.6.81
666,Frank,Corness,fcornessih@army.mil,Agender,146.149.233.122
667,Braden,McIlory,bmciloryii@weebly.com,Non-binary,18.178.112.1
668,Jae,Heatley,jheatleyij@slideshare.net,Polygender,148.194.98.63
669,Maggi,Dows,mdowsik@abc.net.au,Female,173.253.132.226
670,Adore,Ballantyne,aballantyneil@ameblo.jp,Male,131.125.48.253
671,Eleanore,Corson,ecorsonim@marriott.com,Polygender,26.170.211.226
672,Emmi,Dotterill,edotterillin@samsung.com,Polygender,154.223.116.27
673,Charmian,Wille,cwilleio@hugedomains.com,Agender,154.5.209.62
674,Egor,Howorth,ehoworthip@imageshack.us,Genderqueer,213.200.79.47
675,Maurice,Reavey,mreaveyiq@unc.edu,Genderqueer,249.203.199.154
676,Trista,Jeandel,tjeandelir@hubpages.com,Non-binary,180.70.224.184
677,Steward,Furze,sfurzeis@boston.com,Genderfluid,245.235.146.117
678,Dede,Upshall,dupshallit@wikipedia.org,Non-binary,214.157.165.246
679,Burnard,Oliveti,bolivetiiu@sciencedaily.com,Genderqueer,112.211.148.112
680,Devin,Macken,dmackeniv@biglobe.ne.jp,Male,147.102.33.43
681,Emilie,Gianinotti,egianinottiiw@spiegel.de,Bigender,255.181.208.220
682,Alford,Kegan,akeganix@walmart.com,Agender,248.49.120.127
683,Hal,Celler,hcelleriy@examiner.com,Agender,202.13.251.102
684,Vic,Abilowitz,vabilowitziz@github.io,Male,139.197.87.215
685,Ericka,Branchet,ebranchetj0@hp.com,Genderfluid,229.27.178.182
686,Nicholle,Itscowics,nitscowicsj1@slashdot.org,Genderfluid,218.80.138.82
687,Matthus,Lillicrap,mlillicrapj2@aol.com,Genderfluid,248.245.43.206
688,Hobard,Cromblehome,hcromblehomej3@a8.net,Bigender,44.237.76.208
689,Sheilah,Franceschino,sfranceschinoj4@feedburner.com,Genderqueer,245.146.207.231
690,Letisha,Blasi,lblasij5@prnewswire.com,Polygender,165.58.144.61
691,Vince,Rickets,vricketsj6@youku.com,Genderfluid,0.65.10.104
692,Ellary,Jehan,ejehanj7@dropbox.com,Genderfluid,77.193.209.232
693,Cornelius,Hooban,choobanj8@ebay.com,Genderfluid,119.254.113.19
694,Anica,Porcas,aporcasj9@vinaora.com,Genderfluid,147.34.102.48
695,Karlee,Osman,kosmanja@altervista.org,Agender,0.115.162.177
696,Millicent,Duffell,mduffelljb@unblog.fr,Genderfluid,171.167.155.92
697,Wyn,Foulkes,wfoulkesjc@devhub.com,Female,136.141.251.94
698,Vickie,Gashion,vgashionjd@yellowbook.com,Genderqueer,23.164.161.215
699,Kristel,Masarrat,kmasarratje@admin.ch,Genderqueer,106.93.201.245
700,Eugenia,Spratt,esprattjf@networksolutions.com,Genderfluid,195.226.202.164
701,Elysee,Le Ball,eleballjg@friendfeed.com,Agender,47.28.238.206
702,Nataniel,Piotrowski,npiotrowskijh@discovery.com,Bigender,235.250.222.217
703,Andrey,Ruddin,aruddinji@cam.ac.uk,Bigender,73.218.99.242
704,Derron,Mintoft,dmintoftjj@gmpg.org,Non-binary,101.182.55.44
705,Perla,Maasz,pmaaszjk@nydailynews.com,Female,127.212.245.153
706,Hanson,Hubbucks,hhubbucksjl@slashdot.org,Genderqueer,42.55.78.140
707,Lyssa,Upcraft,lupcraftjm@washingtonpost.com,Male,252.74.204.170
708,Ellis,Greest,egreestjn@sourceforge.net,Male,35.79.177.77
709,Matty,Edlin,medlinjo@hexun.com,Genderqueer,93.18.163.127
710,Libbie,Mearns,lmearnsjp@lulu.com,Male,163.133.20.18
711,Jerry,Masse,jmassejq@toplist.cz,Genderfluid,0.126.119.34
712,Karlen,Ellif,kellifjr@baidu.com,Genderfluid,208.3.29.243
713,Lena,Challicum,lchallicumjs@fc2.com,Female,168.6.159.34
714,Shanie,Logesdale,slogesdalejt@sciencedirect.com,Agender,30.53.62.62
715,Donn,Howie,dhowieju@ow.ly,Polygender,214.175.125.34
716,Maje,Hammill,mhammilljv@google.nl,Bigender,162.43.118.182
717,Antone,Pidgin,apidginjw@boston.com,Non-binary,69.242.250.107
718,Amabel,Gawthrope,agawthropejx@jiathis.com,Genderqueer,100.233.14.100
719,Alfie,Romney,aromneyjy@jalbum.net,Male,159.214.24.191
720,Tadio,Dumke,tdumkejz@skyrock.com,Polygender,119.222.161.194
721,Matthus,Sheasby,msheasbyk0@alibaba.com,Non-binary,133.23.171.169
722,Joanna,Glencrash,jglencrashk1@biblegateway.com,Agender,200.2.251.166
723,Seumas,Mooreed,smooreedk2@google.ru,Male,17.88.115.70
724,Staffard,Valentin,svalentink3@taobao.com,Non-binary,139.77.171.108
725,Jacquelin,Nekrews,jnekrewsk4@latimes.com,Bigender,139.157.110.131
726,Wilt,Bazire,wbazirek5@cdbaby.com,Male,248.119.105.28
727,Conny,Brailey,cbraileyk6@jimdo.com,Genderqueer,230.20.140.9
728,Sissie,Acutt,sacuttk7@qq.com,Bigender,130.9.167.177
729,Jakie,Cholton,jcholtonk8@nature.com,Male,145.121.237.133
730,Basil,Schops,bschopsk9@disqus.com,Male,232.85.66.31
731,Kip,Doggett,kdoggettka@joomla.org,Genderqueer,38.84.223.253
732,Langston,Wrotham,lwrothamkb@dedecms.com,Non-binary,205.66.96.10
733,Darline,Wick,dwickkc@constantcontact.com,Genderfluid,244.164.247.20
734,Willetta,Plumb,wplumbkd@psu.edu,Non-binary,186.142.229.156
735,Pietro,MacCourt,pmaccourtke@nydailynews.com,Female,6.244.122.59
736,Allen,Creak,acreakkf@delicious.com,Genderfluid,144.232.209.66
737,Noemi,Sherr,nsherrkg@hhs.gov,Female,236.133.238.23
738,Brandise,Medwell,bmedwellkh@berkeley.edu,Agender,225.164.117.2
739,Virginia,Imason,vimasonki@nifty.com,Agender,104.166.96.127
740,Kristofor,Syce,ksycekj@seattletimes.com,Bigender,133.96.163.115
741,Kimberlyn,Skey,kskeykk@washingtonpost.com,Male,36.104.197.82
742,Brinn,De Maine,bdemainekl@etsy.com,Female,52.165.59.148
743,Aarika,Trye,atryekm@over-blog.com,Non-binary,4.222.211.153
744,Hieronymus,Ballinghall,hballinghallkn@soundcloud.com,Agender,128.74.207.126
745,Thorstein,McCoveney,tmccoveneyko@friendfeed.com,Bigender,181.249.109.134
746,Lind,Tanslie,ltansliekp@netscape.com,Female,160.64.160.21
747,Lil,Douglass,ldouglasskq@microsoft.com,Polygender,124.24.246.71
748,Bell,Hindenburg,bhindenburgkr@columbia.edu,Genderfluid,165.116.136.35
749,Euphemia,Orleton,eorletonks@sohu.com,Polygender,219.29.46.56
750,Nelie,Lockey,nlockeykt@google.ru,Female,206.97.11.169
751,Tuckie,Marty,tmartyku@arstechnica.com,Agender,225.88.88.4
752,Gratia,Allcoat,gallcoatkv@com.com,Non-binary,145.23.72.249
753,Ulrika,Darragh,udarraghkw@wikimedia.org,Male,112.245.31.195
754,Nicola,Garioch,ngariochkx@sourceforge.net,Bigender,155.39.180.199
755,Jermaine,Ridolfo,jridolfoky@cmu.edu,Bigender,80.49.167.161
756,Jemimah,Jehu,jjehukz@mapquest.com,Male,46.83.87.55
757,Carina,Croyden,ccroydenl0@blogtalkradio.com,Non-binary,10.86.75.121
758,Blake,Morcombe,bmorcombel1@va.gov,Genderqueer,47.194.135.107
759,Danny,Ahmad,dahmadl2@seesaa.net,Female,197.184.50.127
760,Karola,McGiff,kmcgiffl3@weibo.com,Female,254.236.75.193
761,Britteny,Nevin,bnevinl4@comcast.net,Non-binary,128.180.226.118
762,Celinka,Paladino,cpaladinol5@addtoany.com,Female,253.184.74.189
763,Milton,Zucker,mzuckerl6@dailymotion.com,Non-binary,133.118.72.217
764,Winnah,McConachie,wmcconachiel7@yandex.ru,Agender,221.126.125.146
765,Reggis,Shipp,rshippl8@google.de,Genderfluid,245.228.153.171
766,Casandra,Landsborough,clandsboroughl9@pen.io,Genderfluid,119.182.80.19
767,Tani,Soughton,tsoughtonla@infoseek.co.jp,Female,152.80.126.17
768,Oralle,Spray,ospraylb@msn.com,Non-binary,1.22.207.116
769,Nan,Krysztofiak,nkrysztofiaklc@bigcartel.com,Non-binary,163.119.242.188
770,Cesaro,Itzcak,citzcakld@prlog.org,Genderqueer,88.117.144.133
771,Lissie,Murfill,lmurfillle@nih.gov,Bigender,20.170.124.21
772,Cesar,Giuroni,cgiuronilf@nationalgeographic.com,Female,159.235.49.133
773,Wilbur,Peplow,wpeplowlg@addtoany.com,Polygender,19.231.181.157
774,Hillel,Clines,hclineslh@jugem.jp,Female,29.209.148.194
775,Caryn,Brannigan,cbranniganli@de.vu,Polygender,110.15.233.198
776,Franklin,Quibell,fquibelllj@miibeian.gov.cn,Non-binary,227.139.33.75
777,Tandi,Hubbold,thubboldlk@narod.ru,Genderqueer,231.118.46.241
778,Bibi,Stockey,bstockeyll@technorati.com,Female,128.113.212.160
779,Killie,Elletson,kelletsonlm@oaic.gov.au,Genderfluid,226.22.108.206
780,Karilynn,Joddens,kjoddensln@sun.com,Male,56.224.238.98
781,Carlina,Churchley,cchurchleylo@webnode.com,Male,97.29.196.4
782,Sherill,Burtwistle,sburtwistlelp@marketwatch.com,Male,212.70.21.82
783,Shayne,Gaynor,sgaynorlq@wikipedia.org,Female,41.238.206.168
784,Myrna,Pittway,mpittwaylr@bloglines.com,Male,163.255.55.247
785,Marcellus,Pulley,mpulleyls@indiegogo.com,Female,95.113.108.47
786,Pren,Salasar,psalasarlt@quantcast.com,Female,88.36.72.57
787,Constance,Pisculli,cpiscullilu@icio.us,Male,196.102.34.155
788,Barb,Onge,bongelv@epa.gov,Male,48.213.106.85
789,Granville,Kubyszek,gkubyszeklw@quantcast.com,Non-binary,25.96.98.161
790,Newton,MacKonochie,nmackonochielx@umn.edu,Bigender,112.157.56.149
791,Anni,Guillard,aguillardly@icq.com,Polygender,79.112.81.111
792,Kerstin,Leveridge,kleveridgelz@goodreads.com,Agender,211.37.237.145
793,Doralynne,Wahlberg,dwahlbergm0@yahoo.co.jp,Bigender,245.126.174.98
794,Shermy,Skitral,sskitralm1@php.net,Genderfluid,220.222.97.94
795,Wilburt,Bolding,wboldingm2@thetimes.co.uk,Non-binary,47.57.111.127
796,Martin,Stonman,mstonmanm3@quantcast.com,Bigender,79.208.25.133
797,Bibbie,Curee,bcureem4@amazon.co.jp,Male,48.32.117.105
798,Carlin,Petrol,cpetrolm5@whitehouse.gov,Male,125.219.142.103
799,Ike,Germon,igermonm6@disqus.com,Male,204.128.10.80
800,Henry,Ferguson,hfergusonm7@cdbaby.com,Male,155.249.146.15
801,Madelin,Brooking,mbrookingm8@taobao.com,Agender,203.166.15.150
802,Aigneis,Sidnell,asidnellm9@hc360.com,Male,129.173.50.141
803,Yvette,Hitzke,yhitzkema@bluehost.com,Non-binary,133.98.28.240
804,Georgena,Whiskerd,gwhiskerdmb@discovery.com,Genderqueer,133.25.43.57
805,Dania,Pherps,dpherpsmc@alibaba.com,Polygender,175.161.240.69
806,Thelma,Sobtka,tsobtkamd@ifeng.com,Male,120.57.0.100
807,Dyane,Jorn,djornme@nbcnews.com,Polygender,152.174.10.241
808,Sheridan,Badrock,sbadrockmf@yolasite.com,Bigender,169.8.105.15
809,Cullie,Heak,cheakmg@reference.com,Male,106.48.241.40
810,Avie,Jeacock,ajeacockmh@seattletimes.com,Polygender,80.24.127.88
811,Zoe,Tenniswood,ztenniswoodmi@youku.com,Genderfluid,89.54.73.161
812,Fred,McFadyen,fmcfadyenmj@oaic.gov.au,Genderqueer,240.71.41.212
813,Powell,Swinburne,pswinburnemk@merriam-webster.com,Genderfluid,250.15.133.204
814,Myrta,Stilwell,mstilwellml@craigslist.org,Agender,71.156.186.146
815,Lanita,Gutsell,lgutsellmm@ehow.com,Agender,42.54.134.170
816,Marwin,Spadoni,mspadonimn@bbb.org,Polygender,209.213.20.110
817,Paula,Eneas,peneasmo@over-blog.com,Female,45.70.62.56
818,Ethan,Bohman,ebohmanmp@list-manage.com,Polygender,195.26.121.25
819,Tova,Fraanchyonok,tfraanchyonokmq@yolasite.com,Female,108.188.181.171
820,Christy,Barthropp,cbarthroppmr@pcworld.com,Genderqueer,13.179.225.20
821,Fannie,Lorimer,florimerms@1688.com,Non-binary,164.146.154.137
822,Lil,Flockhart,lflockhartmt@redcross.org,Male,63.188.218.78
823,Noland,Faiers,nfaiersmu@howstuffworks.com,Agender,165.45.83.233
824,Lise,Alebrooke,lalebrookemv@biblegateway.com,Male,185.19.114.114
825,Neddie,Kershow,nkershowmw@ovh.net,Genderfluid,189.129.178.27
826,Pietro,Upcraft,pupcraftmx@lulu.com,Genderqueer,182.117.104.84
827,Jada,Venton,jventonmy@craigslist.org,Non-binary,145.206.129.228
828,Johny,Garric,jgarricmz@businesswire.com,Female,194.16.175.163
829,Myrtle,Spandley,mspandleyn0@wikipedia.org,Male,104.61.191.94
830,Khalil,Duggon,kduggonn1@upenn.edu,Genderfluid,208.20.168.58
831,Frazier,Morling,fmorlingn2@ameblo.jp,Female,59.30.239.138
832,Shay,Quinnell,squinnelln3@answers.com,Female,150.230.130.72
833,Hugues,Maron,hmaronn4@usatoday.com,Polygender,177.174.57.183
834,Ellene,Shellsheere,eshellsheeren5@va.gov,Agender,187.245.112.245
835,Joann,Chipp,jchippn6@answers.com,Male,147.9.107.27
836,Stephanie,Given,sgivenn7@answers.com,Genderfluid,191.84.87.179
837,Haily,Dumblton,hdumbltonn8@narod.ru,Genderqueer,223.229.122.80
838,Shellysheldon,Norley,snorleyn9@moonfruit.com,Female,234.15.165.148
839,Selby,Stiegar,sstiegarna@ocn.ne.jp,Female,95.190.248.235
840,Clarinda,Bowhey,cbowheynb@behance.net,Polygender,131.29.57.127
841,Brinn,Cullivan,bcullivannc@godaddy.com,Genderqueer,251.42.156.109
842,Keely,Battson,kbattsonnd@ftc.gov,Polygender,70.140.87.162
843,Timmie,Catonne,tcatonnene@statcounter.com,Agender,199.113.16.162
844,Engelbert,Cawdell,ecawdellnf@constantcontact.com,Agender,87.221.139.112
845,Josh,Shelborne,jshelborneng@google.fr,Non-binary,240.57.21.110
846,Quinlan,Neely,qneelynh@cdc.gov,Bigender,190.47.134.233
847,Penelopa,Hehir,phehirni@phoca.cz,Male,129.227.136.208
848,Howard,Foulcher,hfoulchernj@technorati.com,Agender,162.181.125.54
849,Andreana,Tembey,atembeynk@nyu.edu,Polygender,2.238.57.197
850,Steward,Labusquiere,slabusquierenl@google.ca,Non-binary,20.229.73.17
851,Lilah,Keoghan,lkeoghannm@squidoo.com,Genderfluid,234.248.246.190
852,Padget,Laroux,plarouxnn@alibaba.com,Non-binary,5.32.125.210
853,Tamar,McWhirter,tmcwhirterno@toplist.cz,Bigender,3.60.32.40
854,Nikola,Wilsey,nwilseynp@vimeo.com,Genderfluid,29.127.84.162
855,Hadlee,Boydle,hboydlenq@networkadvertising.org,Bigender,156.172.48.177
856,Marcie,Boich,mboichnr@biglobe.ne.jp,Male,145.120.148.51
857,Gusta,Pantling,gpantlingns@dedecms.com,Bigender,205.195.157.53
858,Jemimah,Kleyn,jkleynnt@google.co.jp,Non-binary,138.204.177.34
859,Diarmid,Hurry,dhurrynu@blogtalkradio.com,Bigender,41.58.213.21
860,Elke,Toffel,etoffelnv@hibu.com,Agender,15.21.170.240
861,Averell,Aizikov,aaizikovnw@examiner.com,Genderqueer,83.65.91.241
862,Reg,Brundell,rbrundellnx@sitemeter.com,Female,181.53.3.89
863,Valdemar,Bearham,vbearhamny@angelfire.com,Polygender,168.229.59.112
864,Nissie,Parsonage,nparsonagenz@ifeng.com,Genderqueer,35.172.202.188
865,Mariann,Yitzowitz,myitzowitzo0@istockphoto.com,Non-binary,218.79.108.31
866,Clarinda,Gaffer,cgaffero1@businesswire.com,Genderfluid,176.168.187.63
867,Lainey,Yearne,lyearneo2@google.ru,Agender,52.25.80.124
868,Bessie,Couldwell,bcouldwello3@joomla.org,Genderqueer,56.179.240.144
869,Claudie,Rubertelli,crubertellio4@java.com,Genderfluid,222.233.183.35
870,Gilbertine,Dawltrey,gdawltreyo5@wordpress.com,Female,195.238.162.99
871,Louella,Richmont,lrichmonto6@amazon.de,Female,233.233.220.249
872,Emmalynne,Dregan,edregano7@w3.org,Female,241.108.8.72
873,Keely,Barendtsen,kbarendtseno8@pbs.org,Male,212.68.9.82
874,Lek,Kinglesyd,lkinglesydo9@behance.net,Polygender,23.167.81.80
875,Karlens,Kopman,kkopmanoa@msn.com,Bigender,4.93.136.200
876,Bren,Lethbrig,blethbrigob@bravesites.com,Female,112.62.52.176
877,Gretna,Humbie,ghumbieoc@addthis.com,Non-binary,197.116.112.94
878,Ber,Plinck,bplinckod@sun.com,Female,236.15.114.226
879,Lind,Cleary,lclearyoe@e-recht24.de,Female,0.60.255.116
880,Willie,Jozsef,wjozsefof@wufoo.com,Polygender,50.111.24.230
881,Susette,Hilldrop,shilldropog@reference.com,Non-binary,149.35.235.91
882,Giulia,Fortune,gfortuneoh@simplemachines.org,Genderqueer,28.152.26.166
883,Leroi,Stronack,lstronackoi@mediafire.com,Polygender,102.76.98.107
884,Merle,Twitchings,mtwitchingsoj@facebook.com,Male,153.208.232.187
885,Garnette,Flannigan,gflanniganok@gmpg.org,Bigender,236.17.51.59
886,Kev,Dunseith,kdunseithol@1und1.de,Polygender,1.141.74.99
887,Maren,Simoens,msimoensom@cbslocal.com,Bigender,231.42.237.14
888,Morgana,Bowlas,mbowlason@hugedomains.com,Male,173.19.72.205
889,Chaddy,McVie,cmcvieoo@washington.edu,Male,209.178.95.213
890,Kaila,Paulusch,kpauluschop@geocities.com,Polygender,191.127.123.240
891,Jase,Scattergood,jscattergoodoq@e-recht24.de,Non-binary,155.122.178.109
892,Elsbeth,Bourhill,ebourhillor@latimes.com,Bigender,68.230.151.239
893,Juana,McGunley,jmcgunleyos@aboutads.info,Non-binary,8.161.34.49
894,Lynnett,Sommerled,lsommerledot@woothemes.com,Polygender,89.19.197.9
895,Leonanie,Benne,lbenneou@google.com.au,Agender,162.51.202.199
896,Ivette,McKay,imckayov@discovery.com,Female,38.42.142.173
897,Timothea,Pryde,tprydeow@bloglovin.com,Male,9.121.242.178
898,Elke,Pywell,epywellox@goodreads.com,Polygender,245.219.215.110
899,Colas,De Brett,cdebrettoy@nps.gov,Genderfluid,163.173.18.39
900,Odey,Perazzo,operazzooz@mlb.com,Agender,31.23.126.99
901,Courtney,Moneypenny,cmoneypennyp0@squarespace.com,Male,245.5.236.77
902,Rheta,Florez,rflorezp1@dropbox.com,Non-binary,165.168.151.56
903,Kaylil,Pidduck,kpidduckp2@issuu.com,Polygender,205.102.193.16
904,Gannon,Bateman,gbatemanp3@liveinternet.ru,Agender,212.149.220.11
905,Norma,Besemer,nbesemerp4@noaa.gov,Polygender,46.53.47.213
906,Issy,Yirrell,iyirrellp5@opera.com,Genderqueer,150.14.177.43
907,Marrissa,Hebbron,mhebbronp6@fastcompany.com,Genderfluid,181.72.240.150
908,Bron,Bolderson,bboldersonp7@friendfeed.com,Bigender,145.73.183.140
909,Moira,Lippingwell,mlippingwellp8@ebay.co.uk,Bigender,194.8.130.183
910,Evyn,Dabling,edablingp9@jalbum.net,Male,137.165.119.117
911,Catherina,Cordero,ccorderopa@alibaba.com,Non-binary,140.250.28.90
912,Homerus,Paulack,hpaulackpb@prlog.org,Polygender,164.132.170.58
913,Ewart,MacIlory,emacilorypc@slate.com,Bigender,209.45.14.23
914,Joanie,Steljes,jsteljespd@shutterfly.com,Polygender,76.100.149.198
915,Wandie,Cowley,wcowleype@ow.ly,Genderfluid,82.5.74.144
916,Nyssa,Gullifant,ngullifantpf@sphinn.com,Female,142.34.252.225
917,Silvana,Swenson,sswensonpg@devhub.com,Bigender,125.253.191.223
918,Riobard,Caskie,rcaskieph@360.cn,Male,77.75.168.35
919,Eileen,Kreber,ekreberpi@gizmodo.com,Bigender,139.108.199.23
920,David,McSperrin,dmcsperrinpj@sogou.com,Female,151.128.220.80
921,Oates,Velez,ovelezpk@i2i.jp,Non-binary,224.14.172.175
922,Sybilla,Blasi,sblasipl@intel.com,Non-binary,163.76.45.35
923,Emile,Dransfield,edransfieldpm@deliciousdays.com,Female,129.236.164.8
924,Gannon,Jendrys,gjendryspn@unblog.fr,Genderqueer,68.2.74.23
925,Neville,Paute,npautepo@statcounter.com,Genderqueer,217.254.112.74
926,Leshia,Daveran,ldaveranpp@squarespace.com,Agender,57.122.178.130
927,Kitti,Peek,kpeekpq@ft.com,Polygender,15.107.84.183
928,Pascale,Dabes,pdabespr@mozilla.com,Genderfluid,18.116.11.3
929,Zeb,Lomas,zlomasps@eventbrite.com,Genderfluid,40.31.254.89
930,Scotty,MacAulay,smacaulaypt@jalbum.net,Non-binary,7.46.221.147
931,Arvin,Niblock,aniblockpu@youtu.be,Polygender,133.5.3.39
932,Janet,Drewet,jdrewetpv@acquirethisname.com,Genderfluid,38.129.125.58
933,Morrie,Nolan,mnolanpw@yale.edu,Polygender,34.138.205.12
934,Donny,Redmire,dredmirepx@earthlink.net,Bigender,61.95.183.14
935,Cosetta,Phonix,cphonixpy@free.fr,Agender,33.96.122.233
936,Juliane,Jamrowicz,jjamrowiczpz@fotki.com,Genderfluid,229.61.49.100
937,Merralee,Broszkiewicz,mbroszkiewiczq0@desdev.cn,Genderfluid,83.107.136.8
938,Bancroft,Woolrich,bwoolrichq1@ustream.tv,Polygender,3.145.223.231
939,Cherlyn,Pedler,cpedlerq2@yellowbook.com,Genderfluid,229.0.214.159
940,Chad,Placide,cplacideq3@china.com.cn,Genderfluid,244.117.31.9
941,Callida,McCotter,cmccotterq4@microsoft.com,Agender,13.176.209.38
942,Joscelin,Towe,jtoweq5@hugedomains.com,Male,171.164.161.81
943,Nollie,Stephens,nstephensq6@sourceforge.net,Bigender,77.187.18.72
944,Curcio,Rowling,crowlingq7@sciencedaily.com,Agender,130.123.91.210
945,Fabe,Coen,fcoenq8@salon.com,Genderfluid,222.244.74.117
946,Carlita,Riding,cridingq9@privacy.gov.au,Genderfluid,222.92.159.146
947,Jacquenette,Bergstrand,jbergstrandqa@t-online.de,Female,199.251.171.156
948,Wynn,Peile,wpeileqb@npr.org,Male,51.79.94.70
949,Dalston,Goodday,dgooddayqc@mapquest.com,Male,64.76.2.104
950,Lela,Dakhov,ldakhovqd@ovh.net,Female,162.252.42.22
951,Blanch,Ramm,brammqe@usda.gov,Agender,228.219.102.131
952,Alford,Dulin,adulinqf@usgs.gov,Genderqueer,95.157.26.101
953,Jodi,Delaprelle,jdelaprelleqg@wisc.edu,Non-binary,180.247.158.99
954,Allis,Ivasechko,aivasechkoqh@blogspot.com,Agender,90.209.67.73
955,Malissia,Gilloran,mgilloranqi@histats.com,Female,92.72.161.4
956,Cornela,Gresser,cgresserqj@howstuffworks.com,Male,53.229.185.125
957,Alick,Stiant,astiantqk@harvard.edu,Agender,65.53.68.126
958,Idaline,Akker,iakkerql@yandex.ru,Non-binary,85.31.196.251
959,Renie,McBryde,rmcbrydeqm@ed.gov,Genderqueer,58.166.18.21
960,Arne,Meininking,ameininkingqn@angelfire.com,Non-binary,79.158.233.11
961,Nicolai,Cawt,ncawtqo@chron.com,Genderfluid,127.41.83.99
962,Bert,Wims,bwimsqp@hao123.com,Agender,199.133.228.181
963,Bastien,Brimner,bbrimnerqq@unesco.org,Agender,251.251.66.85
964,Donica,McLagain,dmclagainqr@lulu.com,Polygender,213.89.88.57
965,Sybil,Dun,sdunqs@dyndns.org,Polygender,223.121.73.238
966,Witty,Dransfield,wdransfieldqt@archive.org,Female,96.178.16.224
967,Antoine,Vasishchev,avasishchevqu@ucla.edu,Female,111.119.22.150
968,Shana,Warre,swarreqv@studiopress.com,Agender,93.137.149.133
969,Roxy,Billanie,rbillanieqw@cpanel.net,Genderfluid,123.53.65.122
970,Yves,McGarvie,ymcgarvieqx@scientificamerican.com,Male,217.111.88.92
971,Werner,Mettricke,wmettrickeqy@ox.ac.uk,Genderfluid,242.213.101.28
972,Jerrilyn,Hebblewaite,jhebblewaiteqz@kickstarter.com,Male,5.168.71.213
973,Siward,Craddy,scraddyr0@vistaprint.com,Male,46.159.119.133
974,Patsy,Cowle,pcowler1@nyu.edu,Non-binary,104.79.106.165
975,Corabel,Prudham,cprudhamr2@smugmug.com,Bigender,202.224.125.186
976,Florian,Polotti,fpolottir3@tripod.com,Agender,230.188.193.196
977,Selina,Pescott,spescottr4@imageshack.us,Male,213.14.220.234
978,Claudina,Boadby,cboadbyr5@free.fr,Bigender,80.188.128.134
979,Kalli,Celes,kcelesr6@surveymonkey.com,Genderqueer,134.157.179.107
980,Angie,Rosentholer,arosentholerr7@nifty.com,Genderqueer,77.67.38.195
981,Muire,McAmish,mmcamishr8@mediafire.com,Male,69.12.43.221
982,Fan,Gregorio,fgregorior9@liveinternet.ru,Polygender,4.149.218.108
983,Gillie,De'Ath,gdeathra@ovh.net,Non-binary,96.244.227.90
984,Frankie,Austins,faustinsrb@squarespace.com,Genderfluid,242.122.64.255
985,Camey,Harses,charsesrc@fc2.com,Polygender,169.154.135.29
986,Si,Senussi,ssenussird@cnet.com,Non-binary,228.28.221.27
987,Jacky,Mulbry,jmulbryre@facebook.com,Bigender,34.43.27.147
988,Nero,Minney,nminneyrf@ezinearticles.com,Genderqueer,116.187.26.121
989,Laryssa,Ors,lorsrg@narod.ru,Genderfluid,83.82.214.18
990,Dody,Caraher,dcaraherrh@creativecommons.org,Polygender,233.141.66.79
991,Currie,McDowell,cmcdowellri@edublogs.org,Bigender,45.242.19.55
992,Birch,Roof,broofrj@uiuc.edu,Male,3.77.166.242
993,Willie,Jannequin,wjannequinrk@time.com,Polygender,186.38.148.11
994,Jenni,Sherlock,jsherlockrl@blog.com,Polygender,183.250.77.184
995,Laurent,Alexandrescu,lalexandrescurm@deliciousdays.com,Polygender,21.145.85.42
996,Alon,Dunbavin,adunbavinrn@studiopress.com,Non-binary,228.173.146.120
997,Christye,Teaz,cteazro@smugmug.com,Genderqueer,38.7.161.97
998,Fawne,Trembley,ftrembleyrp@php.net,Genderfluid,128.193.29.100
999,Romonda,Hazard,rhazardrq@lulu.com,Non-binary,29.42.200.136
1000,Debra,Cristoforetti,dcristoforettirr@paginegialle.it,Male,185.65.185.26
